               epoch,      train/box_loss,      train/obj_loss,      train/cls_loss,   metrics/precision,      metrics/recall,     metrics/mAP_0.5,metrics/mAP_0.5:0.95,        val/box_loss,        val/obj_loss,        val/cls_loss,               x/lr0,               x/lr1,               x/lr2
                   0,            0.074981,            0.034808,            0.035016,             0.35929,             0.50703,              0.3969,             0.15123,            0.027752,            0.013231,            0.022394,            0.070789,           0.0032456,           0.0032456
                   1,            0.050022,            0.027507,            0.034375,             0.27219,             0.57455,             0.35387,             0.11329,            0.032628,           0.0072557,            0.020552,            0.040355,           0.0061447,           0.0061447
